iso,year,crisisID,crisisRisk,rconsbarro,iy,money,cpi,ca,tloans,debtServ,yieldCurve,ltd,debtgdp,hpnom
USA,2000,0,0,0.17277766019366106,0.02228993395192183,0.00227773512278151,0.12250332889480718,-0.024344168984703082,0.029894178577793917,-0.000807155932226758,-0.21083000000000052,0.06460203666747115,-0.09499999999999986,0.2552772603271856
USA,2001,0,0,0.163472982623185,0.011551842919415772,0.029920644729985846,0.12451361867704301,-0.021791193433024488,0.04280482945928582,-0.0045766536720833785,1.1375000000000002,0.008213587548870475,-0.10400000000000009,0.3037524316576227
USA,2002,0,0,0.15318195749317962,-0.0013719164261635497,0.05395804242348706,0.11807024968260699,-0.02532724949172653,0.05645660082698711,-0.0056986026030286414,2.94083,0.019397591751148156,-0.06299999999999994,0.3411056819307339
USA,2003,0,0,0.13152465480121087,-0.0065761866885238884,0.05792119868563872,0.12818371607515663,-0.021862187246947214,0.06211444687874823,-0.003619497948871706,2.885,0.0007735073212432619,-0.014000000000000012,0.3549759758816695
USA,2004,0,0,0.11756831108572317,-0.006696744931514648,0.043811648630742606,0.134505314799673,-0.022288766204854354,0.08454920149342099,-0.0031318022813755647,2.9241699999999997,-0.03500038300161304,0.02100000000000002,0.41175854353893687
USA,2005,85,1,0.10353123769841846,-0.002591948268817562,0.033679344852498794,0.1344404903123763,-0.01825115091598449,0.09205240060618713,-0.00481008466056564,1.0699999999999998,-0.025238116933919554,0.05999999999999994,0.47684690260507523
USA,2006,85,1,0.1119191056612249,0.004456499085644411,0.005827587457653549,0.13879277201076476,-0.0218692817006532,0.08947757578983107,0.003122014577833312,-0.17832999999999988,0.008686713481174802,0.07200000000000006,0.4731389679657079
